post_url,username,date_commented
https://www.instagram.com/p/DWOJ6BylMCb/,townekids,2026-03-24
https://www.instagram.com/p/DWPaPrDEmhQ/,passionatechosensheila,2026-03-24
https://www.instagram.com/p/DWQ8kOHDwSS/,chdinvisiblewarriors,2026-03-24
https://www.instagram.com/p/DWLFbwPDT2U/,mommyschronicles,2026-03-24
https://www.instagram.com/p/DWK3BZVEXYC/,georges_happy_hearts_project_,2026-03-24
https://www.instagram.com/p/DWOYu3pDlGh/,a__schiro,2026-03-24
https://www.instagram.com/p/DWHu5__Eh2M/,brookeslick,2026-03-24
https://www.instagram.com/p/DWP6IQHDN52/,jillybeansewing,2026-03-24
https://www.instagram.com/p/DWNyPyKEVgT/,stellaraeofsunshine,2026-03-24
https://www.instagram.com/p/DWBeS4DAWIO/,iramshasiddique,2026-03-24
https://www.instagram.com/p/DWPLTrAESeh/,blakelybrave,2026-03-24
https://www.instagram.com/p/DWQ39tHkaXG/,bravemumtribe,2026-03-24
https://www.instagram.com/p/DWJ4XpZiNSh/,yeomansleejenny,2026-03-24
https://www.instagram.com/p/DWHcHFXgR9l/,megsalshouse,2026-03-24
https://www.instagram.com/p/DWEVxNule7f/,solson1120,2026-03-24
https://www.instagram.com/p/DWD_WsJESK2/,nansel2966,2026-03-24
https://www.instagram.com/p/DWEjEDiFNhe/,_e.doni,2026-03-24
https://www.instagram.com/p/DWG0x4TDh0B/,hollyjoflora,2026-03-24
https://www.instagram.com/p/DV_q0K9ET2t/,joc_bostwick,2026-03-24
https://www.instagram.com/p/DWOwp-yAHsa/,brianawglover,2026-03-24
https://www.instagram.com/p/DWFj5ZDijjX/,testa_seat,2026-03-24
https://www.instagram.com/p/DWMONS1gcIY/,cpfamily.mauritius,2026-03-24
https://www.instagram.com/p/DWOnsRXEWx9/,make_lemon_aide_for_cp,2026-03-24
https://www.instagram.com/p/DWE2apeDDqp/,oscarscptherealguide,2026-03-24
https://www.instagram.com/p/DWPOx6Nk4mc/,kindship_au,2026-03-24
https://www.instagram.com/p/DWMmBeZD7Ad/,reality.of.an.ivf.family,2026-03-24
https://www.instagram.com/p/DWHlqa4DP1f/,grahamsfoundation,2026-03-24
https://www.instagram.com/p/DWOxGkfESFR/,mrs.aieshariley,2026-03-24
https://www.instagram.com/p/DWNFIknjTEk/,perfectlypreemie,2026-03-24
https://www.instagram.com/p/DWCsrWeDouG/,mykidsinspiration,2026-03-24
https://www.instagram.com/p/DWPAKn4ldNs/,canadianpreemies,2026-03-24
https://www.instagram.com/p/DWPHoD-lVTW/,tinkstonic,2026-03-24
https://www.instagram.com/p/DWOsJDKDIs3/,wholestorymeals,2026-03-24
https://www.instagram.com/p/DWFXotZkTBK/,griffsgotgrit,2026-03-24
https://www.instagram.com/p/DWMXq5Bkf_b/,justenoughmanna,2026-03-24
https://www.instagram.com/p/DWO54Gcj_tg/,freearm.tube.feeding.assistant,2026-03-24
https://www.instagram.com/p/DWPzTdVGLxj/,whitney_raye,2026-03-24
https://www.instagram.com/p/DV6m-CdkUw5/,blendedtubefeeding,2026-03-24
https://www.instagram.com/p/DWNjCXOESC9/,aaronandambersfamily,2026-03-24
https://www.instagram.com/p/DWO-rpJjVqV/,the_chd_life_,2026-03-24
https://www.instagram.com/p/DWOJ20bjdu5/,oliver_chdbaby,2026-03-24
https://www.instagram.com/p/DWRaaT1jNOo/,myarfidlife,2026-03-24
https://www.instagram.com/p/DWRXs31iaeJ/,life_with_severe_autism,2026-03-24
https://www.instagram.com/p/DWP4DLHD4t0/,nicolegottesmann,2026-03-24
https://www.instagram.com/p/DWPUG6ijYL6/,storiesaboutautism,2026-03-24
https://www.instagram.com/p/DWPQ9H_AaGA/,mama.serenity.wolf,2026-03-24
https://www.instagram.com/p/DWMPcZhDvfF/,thispinklifeilive,2026-03-24
https://www.instagram.com/p/DWJuSOKkUQ0/,makingmilliestones,2026-03-24
https://www.instagram.com/p/DWJpuDRDbzA/,ourhuddybuddy,2026-03-24
https://www.instagram.com/p/DWPCaL0ino3/,kirstinczernek,2026-03-24
https://www.instagram.com/p/DWRPOrgE9Kc/,thekimberlydowdell,2026-03-24
https://www.instagram.com/p/DWKmceBCY6m/,jess.hentges,2026-03-24
https://www.instagram.com/p/DWRNwT_jXNX/,wonderfullifewithbedford,2026-03-24
https://www.instagram.com/p/DWPzaZYj0c4/,shannonwillardson,2026-03-24
https://www.instagram.com/p/DWMgK28DD7q/,jasminandollie,2026-03-24
https://www.instagram.com/p/DWRX3ZrDonC/,mindyalexander,2026-03-24
https://www.instagram.com/p/DWOlXifidZX/,haidynshope,2026-03-24
https://www.instagram.com/p/DWPbfLIkQhw/,miranda.aldridge,2026-03-24
https://www.instagram.com/p/DWHg4wVEu5b/,briestrongerthancancer,2026-03-24
https://www.instagram.com/p/DWElAlODmx7/,thelittlest3,2026-03-24
https://www.instagram.com/p/DVwUzgXFJV1/,myguardpod,2026-03-24
https://www.instagram.com/p/DV5E-DYjA0_/,sensationallearningwithpenguin,2026-03-24
https://www.instagram.com/p/DV9uVaBEyet/,connectionandsynergy,2026-03-24
https://www.instagram.com/p/DUbgZIwjbdd/,the.epilepsy.family,2026-03-24
https://www.instagram.com/p/DWRH1zUkRoB/,blakelybrave,2026-03-24
https://www.instagram.com/p/DV6kduejGYW/,lessonsfromabrokenwing,2026-03-24
https://www.instagram.com/p/DVwSzc7keUI/,psolab.uottawa,2026-03-24
https://www.instagram.com/p/DVjgmJMDdSI/,brans_onlife,2026-03-24
https://www.instagram.com/p/DVlzvCAADzF/,jgrondines319,2026-03-24
https://www.instagram.com/p/DUtKUR8DZ8z/,abreurope,2026-03-24
https://www.instagram.com/p/DUldEfKjML3/,superherohenry337,2026-03-24
https://www.instagram.com/p/DWROfLLEUQw/,make_lemon_aide_for_cp,2026-03-24
https://www.instagram.com/p/DWRXJ1slphw/,grahamsfoundation,2026-03-24
https://www.instagram.com/p/DV9Y0O-kQFN/,miss_amanda_94,2026-03-24
https://www.instagram.com/p/DWRQ9t8jZDr/,perfectlypreemie,2026-03-24
https://www.instagram.com/p/DWRX1xulEso/,canadianpreemies,2026-03-24
https://www.instagram.com/p/DWRQ8N9lJII/,wholestorymeals,2026-03-24
https://www.instagram.com/p/DWRdsqPDz6_/,justenoughmanna,2026-03-24
https://www.instagram.com/p/DWRPJ47DVr1/,freearm.tube.feeding.assistant,2026-03-24
https://www.instagram.com/p/DWRerpFmHVL/,whitney_raye,2026-03-24
https://www.instagram.com/p/DV7oTf4FVEaRz68TBMi3fumYcBA6F5s40beKXI0/,your.favorite.gentleman,2026-03-24
https://www.instagram.com/p/DSdMcU4lNIK/,nicksheart,2026-03-24
https://www.instagram.com/p/DUhQ0umD6fd/,mary_antal,2026-03-24
https://www.instagram.com/p/DWRJg8XCTzn/,the_chd_life_,2026-03-24
https://www.instagram.com/p/DV3fpstkVr7QixwQvoK7qYYPU-bsz6jzDQort80/,liftwkayla,2026-03-24
https://www.instagram.com/p/DV9BA8AjS6U/,almapadilla24,2026-03-24
https://www.instagram.com/p/DNVHddaom4F/,lopesmelany,2026-03-24
https://www.instagram.com/p/DVkS_u_jIml/,torres720,2026-03-24
https://www.instagram.com/p/DVbiLi4EYS5/,thesidetrackedparent,2026-03-24
https://www.instagram.com/p/DWPcRnmkuMW/,defeatduchenne,2026-03-24
https://www.instagram.com/p/DWOoBkWjgR1/,regan_raremama,2026-03-24
https://www.instagram.com/p/DV_UcO4DbY_/,adelineprevails,2026-03-24
https://www.instagram.com/p/DWPkN53EsE_/,michellevaughanklett,2026-03-24
https://www.instagram.com/p/DWOljoKDbpl/,janellestephaniephotography,2026-03-24
https://www.instagram.com/p/DVXYpLjFr9L/,carrolconnects,2026-03-24
https://www.instagram.com/p/DHXJrIjiM6T/,gudgoldmediablogspot,2026-03-24
https://www.instagram.com/p/DWPJwZQiaBY/,kathysmusicmovement,2026-03-24
https://www.instagram.com/p/DStWelXDSop/,marissa.eades,2026-03-24
https://www.instagram.com/p/DV2T2C-kbjG/,fancyladydoc,2026-03-24
https://www.instagram.com/p/DTg0RrIjulL/,crushingtype1,2026-03-24
https://www.instagram.com/p/DWPLtDfDnvN/,day_by_day_t1d,2026-03-24
https://www.instagram.com/p/DKC9cFzOnki/,sugarsandpins,2026-03-24
https://www.instagram.com/p/DVPoEkCDCmF/,hbeecreations,2026-03-24
https://www.instagram.com/p/DVEQBqejegx/,lquigs5,2026-03-24
https://www.instagram.com/p/DWO-1ahAaM8/,chereesauercoaching,2026-03-24
https://www.instagram.com/p/DVUuQNpmtlz/,jdmann1022,2026-03-24
https://www.instagram.com/p/DWO83zPEglP/,bweeei,2026-03-24
https://www.instagram.com/p/DWOlRCMjNDY/,shemoves_health_and_wellness,2026-03-24
https://www.instagram.com/p/DWP8PwlD-2R/,evergreenhydro.aus,2026-03-24
https://www.instagram.com/p/DWN8Nt5EVBO/,bighornsurvival,2026-03-24
https://www.instagram.com/p/DWNYkeXDKPg/,scminer_media,2026-03-24
https://www.instagram.com/p/DWMuhxsjW_c/,jfk_premiumdetailing,2026-03-24
https://www.instagram.com/p/DWMx82RDSVw/,martin.rosendahl,2026-03-24
https://www.instagram.com/p/DWResczDGjb/,waitepsychology,2026-03-24
https://www.instagram.com/p/DWRf1m6DWq1/,brittani.mobley,2026-03-24
https://www.instagram.com/p/DU-vqiEDl5k/,allthingsjaxson,2026-03-24
https://www.instagram.com/p/DWNasIKjZl9/,dunphys_weightlossjourney,2026-03-24
https://www.instagram.com/p/DVZyZY9Cdyd/,loveleigher,2026-03-24
https://www.instagram.com/p/DVyxK1SDs7H/,speechandot_in_palm_beach,2026-03-24
https://www.instagram.com/p/DWC11sAkqtn/,steph_ampersandgo,2026-03-24
https://www.instagram.com/p/DWO58wsk26-/,theelainesymonefoundation,2026-03-24
https://www.instagram.com/p/DWOhiVhEZUp/,alittlehero_org,2026-03-24
https://www.instagram.com/p/DWQPniFDEpy/,nightlight.series,2026-03-24
https://www.instagram.com/p/DWRHBGDETJd/,momandme_md,2026-03-24
https://www.instagram.com/p/DWPzv-4jMq5/,touchingtinyhands,2026-03-24
https://www.instagram.com/p/DWIKy0WDdHa/,zombieeam_erica,2026-03-24
https://www.instagram.com/p/DWHc3EqlPPM/,flrrish,2026-03-24
